{
  "spinchair_0": {
    "scale": 5.105873448375921,
    "offset": 0.006628111042962662
  },
  "spinchair_2": {
    "scale": 6.430742300842252,
    "offset": 0.006352779146717096
  },
  "spinchair_1": {
    "scale": 5.805808912427844,
    "offset": 0.00783865439301058
  },
  "spinchair_4": {
    "scale": 5.943794668552093,
    "offset": 0.006613285999434315
  },
  "spinchair_3": {
    "scale": 4.396654962780591,
    "offset": 0.007538833519612781
  },
  "spinchair_5": {
    "scale": 6.880602434279941,
    "offset": 0.005779733957903451
  }
}